C:\Users\dower\OneDrive\Geo3D_Manager\MAIN FILES_Move_To_Folder_Containing_GUI.ahk\Lib\profiles\7za.exe,587776
C:\Users\dower\OneDrive\Geo3D_Manager\MAIN FILES_Move_To_Folder_Containing_GUI.ahk\Lib\profiles\b.bat,26
C:\Users\dower\OneDrive\Geo3D_Manager\MAIN FILES_Move_To_Folder_Containing_GUI.ahk\Lib\profiles\files.ahk,424
C:\Users\dower\OneDrive\Geo3D_Manager\MAIN FILES_Move_To_Folder_Containing_GUI.ahk\Lib\profiles\files.ahk.bak,324
C:\Users\dower\OneDrive\Geo3D_Manager\MAIN FILES_Move_To_Folder_Containing_GUI.ahk\Lib\profiles\profiles.7z,33104951
C:\Users\dower\OneDrive\Geo3D_Manager\MAIN FILES_Move_To_Folder_Containing_GUI.ahk\Lib\profiles\1\3DToElse.fx,19488
C:\Users\dower\OneDrive\Geo3D_Manager\MAIN FILES_Move_To_Folder_Containing_GUI.ahk\Lib\profiles\1\dxcompiler.dll,14722536
C:\Users\dower\OneDrive\Geo3D_Manager\MAIN FILES_Move_To_Folder_Containing_GUI.ahk\Lib\profiles\1\dxgi.dll,3911680
C:\Users\dower\OneDrive\Geo3D_Manager\MAIN FILES_Move_To_Folder_Containing_GUI.ahk\Lib\profiles\1\dxil.dll,1508328
C:\Users\dower\OneDrive\Geo3D_Manager\MAIN FILES_Move_To_Folder_Containing_GUI.ahk\Lib\profiles\1\Geo3D.addon,275456
C:\Users\dower\OneDrive\Geo3D_Manager\MAIN FILES_Move_To_Folder_Containing_GUI.ahk\Lib\profiles\1\ReShade.bat,133
C:\Users\dower\OneDrive\Geo3D_Manager\MAIN FILES_Move_To_Folder_Containing_GUI.ahk\Lib\profiles\1\ReShade.ini,108
C:\Users\dower\OneDrive\Geo3D_Manager\MAIN FILES_Move_To_Folder_Containing_GUI.ahk\Lib\profiles\1\ReShadePreset.ini,283
C:\Users\dower\OneDrive\Geo3D_Manager\MAIN FILES_Move_To_Folder_Containing_GUI.ahk\Lib\profiles\1\VRExport_64.addon,32256
C:\Users\dower\OneDrive\Geo3D_Manager\MAIN FILES_Move_To_Folder_Containing_GUI.ahk\Lib\profiles\10\runtime\media\3DToElse.fx,19488
C:\Users\dower\OneDrive\Geo3D_Manager\MAIN FILES_Move_To_Folder_Containing_GUI.ahk\Lib\profiles\10\runtime\media\dxgi.dll,3911680
C:\Users\dower\OneDrive\Geo3D_Manager\MAIN FILES_Move_To_Folder_Containing_GUI.ahk\Lib\profiles\10\runtime\media\Geo3D.addon,275456
C:\Users\dower\OneDrive\Geo3D_Manager\MAIN FILES_Move_To_Folder_Containing_GUI.ahk\Lib\profiles\10\runtime\media\ReShade.bat,99
C:\Users\dower\OneDrive\Geo3D_Manager\MAIN FILES_Move_To_Folder_Containing_GUI.ahk\Lib\profiles\10\runtime\media\ReShade.ini,108
C:\Users\dower\OneDrive\Geo3D_Manager\MAIN FILES_Move_To_Folder_Containing_GUI.ahk\Lib\profiles\10\runtime\media\ReShadePreset.ini,283
C:\Users\dower\OneDrive\Geo3D_Manager\MAIN FILES_Move_To_Folder_Containing_GUI.ahk\Lib\profiles\10\runtime\media\VRExport_64.addon,32256
C:\Users\dower\OneDrive\Geo3D_Manager\MAIN FILES_Move_To_Folder_Containing_GUI.ahk\Lib\profiles\11\3DToElse.fx,19488
C:\Users\dower\OneDrive\Geo3D_Manager\MAIN FILES_Move_To_Folder_Containing_GUI.ahk\Lib\profiles\11\dxcompiler.dll,14722536
C:\Users\dower\OneDrive\Geo3D_Manager\MAIN FILES_Move_To_Folder_Containing_GUI.ahk\Lib\profiles\11\dxgi.dll,3911680
C:\Users\dower\OneDrive\Geo3D_Manager\MAIN FILES_Move_To_Folder_Containing_GUI.ahk\Lib\profiles\11\dxil.dll,1508328
C:\Users\dower\OneDrive\Geo3D_Manager\MAIN FILES_Move_To_Folder_Containing_GUI.ahk\Lib\profiles\11\Geo3D.addon,275456
C:\Users\dower\OneDrive\Geo3D_Manager\MAIN FILES_Move_To_Folder_Containing_GUI.ahk\Lib\profiles\11\ReShade.bat,133
C:\Users\dower\OneDrive\Geo3D_Manager\MAIN FILES_Move_To_Folder_Containing_GUI.ahk\Lib\profiles\11\ReShade.ini,108
C:\Users\dower\OneDrive\Geo3D_Manager\MAIN FILES_Move_To_Folder_Containing_GUI.ahk\Lib\profiles\11\ReShadePreset.ini,283
C:\Users\dower\OneDrive\Geo3D_Manager\MAIN FILES_Move_To_Folder_Containing_GUI.ahk\Lib\profiles\11\VRExport_64.addon,32256
C:\Users\dower\OneDrive\Geo3D_Manager\MAIN FILES_Move_To_Folder_Containing_GUI.ahk\Lib\profiles\12\3DToElse.fx,19488
C:\Users\dower\OneDrive\Geo3D_Manager\MAIN FILES_Move_To_Folder_Containing_GUI.ahk\Lib\profiles\12\dxgi.dll,3911680
C:\Users\dower\OneDrive\Geo3D_Manager\MAIN FILES_Move_To_Folder_Containing_GUI.ahk\Lib\profiles\12\Geo3D.addon,275456
C:\Users\dower\OneDrive\Geo3D_Manager\MAIN FILES_Move_To_Folder_Containing_GUI.ahk\Lib\profiles\12\ReShade.bat,133
C:\Users\dower\OneDrive\Geo3D_Manager\MAIN FILES_Move_To_Folder_Containing_GUI.ahk\Lib\profiles\12\ReShade.ini,108
C:\Users\dower\OneDrive\Geo3D_Manager\MAIN FILES_Move_To_Folder_Containing_GUI.ahk\Lib\profiles\12\ReShadePreset.ini,283
C:\Users\dower\OneDrive\Geo3D_Manager\MAIN FILES_Move_To_Folder_Containing_GUI.ahk\Lib\profiles\12\VRExport_64.addon,32256
C:\Users\dower\OneDrive\Geo3D_Manager\MAIN FILES_Move_To_Folder_Containing_GUI.ahk\Lib\profiles\2\3DToElse.fx,19488
C:\Users\dower\OneDrive\Geo3D_Manager\MAIN FILES_Move_To_Folder_Containing_GUI.ahk\Lib\profiles\2\dxgi.dll,3130880
C:\Users\dower\OneDrive\Geo3D_Manager\MAIN FILES_Move_To_Folder_Containing_GUI.ahk\Lib\profiles\2\Geo3D.addon,258560
C:\Users\dower\OneDrive\Geo3D_Manager\MAIN FILES_Move_To_Folder_Containing_GUI.ahk\Lib\profiles\2\ReShade.bat,97
C:\Users\dower\OneDrive\Geo3D_Manager\MAIN FILES_Move_To_Folder_Containing_GUI.ahk\Lib\profiles\2\ReShade.ini,108
C:\Users\dower\OneDrive\Geo3D_Manager\MAIN FILES_Move_To_Folder_Containing_GUI.ahk\Lib\profiles\2\ReShadePreset.ini,283
C:\Users\dower\OneDrive\Geo3D_Manager\MAIN FILES_Move_To_Folder_Containing_GUI.ahk\Lib\profiles\3\3DToElse.fx,19488
C:\Users\dower\OneDrive\Geo3D_Manager\MAIN FILES_Move_To_Folder_Containing_GUI.ahk\Lib\profiles\3\d3d9.dll,3130880
C:\Users\dower\OneDrive\Geo3D_Manager\MAIN FILES_Move_To_Folder_Containing_GUI.ahk\Lib\profiles\3\Geo3D.addon,258560
C:\Users\dower\OneDrive\Geo3D_Manager\MAIN FILES_Move_To_Folder_Containing_GUI.ahk\Lib\profiles\3\ReShade.bat,97
C:\Users\dower\OneDrive\Geo3D_Manager\MAIN FILES_Move_To_Folder_Containing_GUI.ahk\Lib\profiles\3\ReShade.ini,108
C:\Users\dower\OneDrive\Geo3D_Manager\MAIN FILES_Move_To_Folder_Containing_GUI.ahk\Lib\profiles\3\ReShadePreset.ini,283
C:\Users\dower\OneDrive\Geo3D_Manager\MAIN FILES_Move_To_Folder_Containing_GUI.ahk\Lib\profiles\4\3DToElse.fx,19488
C:\Users\dower\OneDrive\Geo3D_Manager\MAIN FILES_Move_To_Folder_Containing_GUI.ahk\Lib\profiles\4\dxgi.dll,3130880
C:\Users\dower\OneDrive\Geo3D_Manager\MAIN FILES_Move_To_Folder_Containing_GUI.ahk\Lib\profiles\4\Geo3D.addon,258560
C:\Users\dower\OneDrive\Geo3D_Manager\MAIN FILES_Move_To_Folder_Containing_GUI.ahk\Lib\profiles\4\ReShade.bat,97
C:\Users\dower\OneDrive\Geo3D_Manager\MAIN FILES_Move_To_Folder_Containing_GUI.ahk\Lib\profiles\4\ReShade.ini,108
C:\Users\dower\OneDrive\Geo3D_Manager\MAIN FILES_Move_To_Folder_Containing_GUI.ahk\Lib\profiles\4\ReShadePreset.ini,283
C:\Users\dower\OneDrive\Geo3D_Manager\MAIN FILES_Move_To_Folder_Containing_GUI.ahk\Lib\profiles\4\VRExport_32.addon,27648
C:\Users\dower\OneDrive\Geo3D_Manager\MAIN FILES_Move_To_Folder_Containing_GUI.ahk\Lib\profiles\5\3DToElse.fx,19488
C:\Users\dower\OneDrive\Geo3D_Manager\MAIN FILES_Move_To_Folder_Containing_GUI.ahk\Lib\profiles\5\dxcompiler.dll,14722536
C:\Users\dower\OneDrive\Geo3D_Manager\MAIN FILES_Move_To_Folder_Containing_GUI.ahk\Lib\profiles\5\dxgi.dll,3911680
C:\Users\dower\OneDrive\Geo3D_Manager\MAIN FILES_Move_To_Folder_Containing_GUI.ahk\Lib\profiles\5\dxil.dll,1508328
C:\Users\dower\OneDrive\Geo3D_Manager\MAIN FILES_Move_To_Folder_Containing_GUI.ahk\Lib\profiles\5\Geo3D.addon,275456
C:\Users\dower\OneDrive\Geo3D_Manager\MAIN FILES_Move_To_Folder_Containing_GUI.ahk\Lib\profiles\5\ReShade.bat,133
C:\Users\dower\OneDrive\Geo3D_Manager\MAIN FILES_Move_To_Folder_Containing_GUI.ahk\Lib\profiles\5\ReShade.ini,108
C:\Users\dower\OneDrive\Geo3D_Manager\MAIN FILES_Move_To_Folder_Containing_GUI.ahk\Lib\profiles\5\ReShadePreset.ini,283
C:\Users\dower\OneDrive\Geo3D_Manager\MAIN FILES_Move_To_Folder_Containing_GUI.ahk\Lib\profiles\5\VRExport_64.addon,32256
C:\Users\dower\OneDrive\Geo3D_Manager\MAIN FILES_Move_To_Folder_Containing_GUI.ahk\Lib\profiles\6\bin\x64\3DToElse.fx,19488
C:\Users\dower\OneDrive\Geo3D_Manager\MAIN FILES_Move_To_Folder_Containing_GUI.ahk\Lib\profiles\6\bin\x64\dxcompiler.dll,14722536
C:\Users\dower\OneDrive\Geo3D_Manager\MAIN FILES_Move_To_Folder_Containing_GUI.ahk\Lib\profiles\6\bin\x64\dxgi.dll,3911680
C:\Users\dower\OneDrive\Geo3D_Manager\MAIN FILES_Move_To_Folder_Containing_GUI.ahk\Lib\profiles\6\bin\x64\dxil.dll,1508328
C:\Users\dower\OneDrive\Geo3D_Manager\MAIN FILES_Move_To_Folder_Containing_GUI.ahk\Lib\profiles\6\bin\x64\Geo3D.addon,275456
C:\Users\dower\OneDrive\Geo3D_Manager\MAIN FILES_Move_To_Folder_Containing_GUI.ahk\Lib\profiles\6\bin\x64\ReShade.bat,133
C:\Users\dower\OneDrive\Geo3D_Manager\MAIN FILES_Move_To_Folder_Containing_GUI.ahk\Lib\profiles\6\bin\x64\ReShade.ini,108
C:\Users\dower\OneDrive\Geo3D_Manager\MAIN FILES_Move_To_Folder_Containing_GUI.ahk\Lib\profiles\6\bin\x64\ReShadePreset.ini,283
C:\Users\dower\OneDrive\Geo3D_Manager\MAIN FILES_Move_To_Folder_Containing_GUI.ahk\Lib\profiles\6\bin\x64\VRExport_64.addon,32256
C:\Users\dower\OneDrive\Geo3D_Manager\MAIN FILES_Move_To_Folder_Containing_GUI.ahk\Lib\profiles\7\BendGame\Binaries\Win64\3DToElse.fx,19488
C:\Users\dower\OneDrive\Geo3D_Manager\MAIN FILES_Move_To_Folder_Containing_GUI.ahk\Lib\profiles\7\BendGame\Binaries\Win64\dxgi.dll,3911680
C:\Users\dower\OneDrive\Geo3D_Manager\MAIN FILES_Move_To_Folder_Containing_GUI.ahk\Lib\profiles\7\BendGame\Binaries\Win64\Geo3D.addon,275456
C:\Users\dower\OneDrive\Geo3D_Manager\MAIN FILES_Move_To_Folder_Containing_GUI.ahk\Lib\profiles\7\BendGame\Binaries\Win64\ReShade.bat,133
C:\Users\dower\OneDrive\Geo3D_Manager\MAIN FILES_Move_To_Folder_Containing_GUI.ahk\Lib\profiles\7\BendGame\Binaries\Win64\ReShade.ini,108
C:\Users\dower\OneDrive\Geo3D_Manager\MAIN FILES_Move_To_Folder_Containing_GUI.ahk\Lib\profiles\7\BendGame\Binaries\Win64\ReShadePreset.ini,283
C:\Users\dower\OneDrive\Geo3D_Manager\MAIN FILES_Move_To_Folder_Containing_GUI.ahk\Lib\profiles\7\BendGame\Binaries\Win64\VRExport_64.addon,32256
C:\Users\dower\OneDrive\Geo3D_Manager\MAIN FILES_Move_To_Folder_Containing_GUI.ahk\Lib\profiles\8\Content\3DToElse.fx,19488
C:\Users\dower\OneDrive\Geo3D_Manager\MAIN FILES_Move_To_Folder_Containing_GUI.ahk\Lib\profiles\8\Content\d3d12.dll,3911680
C:\Users\dower\OneDrive\Geo3D_Manager\MAIN FILES_Move_To_Folder_Containing_GUI.ahk\Lib\profiles\8\Content\dxcompiler.dll,14722536
C:\Users\dower\OneDrive\Geo3D_Manager\MAIN FILES_Move_To_Folder_Containing_GUI.ahk\Lib\profiles\8\Content\dxil.dll,1508328
C:\Users\dower\OneDrive\Geo3D_Manager\MAIN FILES_Move_To_Folder_Containing_GUI.ahk\Lib\profiles\8\Content\Geo3D.addon,275456
C:\Users\dower\OneDrive\Geo3D_Manager\MAIN FILES_Move_To_Folder_Containing_GUI.ahk\Lib\profiles\8\Content\ReShade.bat,133
C:\Users\dower\OneDrive\Geo3D_Manager\MAIN FILES_Move_To_Folder_Containing_GUI.ahk\Lib\profiles\8\Content\ReShade.ini,108
C:\Users\dower\OneDrive\Geo3D_Manager\MAIN FILES_Move_To_Folder_Containing_GUI.ahk\Lib\profiles\8\Content\ReShadePreset.ini,283
C:\Users\dower\OneDrive\Geo3D_Manager\MAIN FILES_Move_To_Folder_Containing_GUI.ahk\Lib\profiles\8\Content\VRExport_64.addon,32256
C:\Users\dower\OneDrive\Geo3D_Manager\MAIN FILES_Move_To_Folder_Containing_GUI.ahk\Lib\profiles\9\runtime\media\3DToElse.fx,19488
C:\Users\dower\OneDrive\Geo3D_Manager\MAIN FILES_Move_To_Folder_Containing_GUI.ahk\Lib\profiles\9\runtime\media\dxgi.dll,3911680
C:\Users\dower\OneDrive\Geo3D_Manager\MAIN FILES_Move_To_Folder_Containing_GUI.ahk\Lib\profiles\9\runtime\media\Geo3D.addon,275456
C:\Users\dower\OneDrive\Geo3D_Manager\MAIN FILES_Move_To_Folder_Containing_GUI.ahk\Lib\profiles\9\runtime\media\ReShade.bat,99
C:\Users\dower\OneDrive\Geo3D_Manager\MAIN FILES_Move_To_Folder_Containing_GUI.ahk\Lib\profiles\9\runtime\media\ReShade.ini,108
C:\Users\dower\OneDrive\Geo3D_Manager\MAIN FILES_Move_To_Folder_Containing_GUI.ahk\Lib\profiles\9\runtime\media\ReShadePreset.ini,283
C:\Users\dower\OneDrive\Geo3D_Manager\MAIN FILES_Move_To_Folder_Containing_GUI.ahk\Lib\profiles\9\runtime\media\VRExport_64.addon,32256
